npsn;nama;alamat;kode_wilayah;kode_pos;status;kode_jenjang;akreditasi;email;latitude;longitude
69991721;PAUD BETLEHEM;JL. TANAH MERAH;92.06.14.2002;98551;Swasta;KB;B;69991721@serasibintuni.go.id;.000000000000;.000000000000
60401950;SMP PERINTIS MANIMERI II;Korano Jaya SP. II Manimeri;92.06.11.2006;98552;Negeri;SMP;A;60401950@serasibintuni.go.id;-2.071.100.000.000;133.715.500.000.000
69940437;PAUD/KB WARAITAMA;JL. RAYA WARAITAMA;92.06.11.2003;98364;Swasta;KB;C;69940437@serasibintuni.go.id;.000000000000;.000000000000
60401945;SMP PERINTIS KELAPA DUA;Kampung Forada;92.06.14.2004;98363;Negeri;SMP;A;60401945@serasibintuni.go.id;-2.600.500.000.000;133.194.800.000.000
60403674;TK CENDERAWASIH MANIMERI SP 1;MANIMERI SP I WARAITAMA;92.06.11.2004;98551;Swasta;TK;B;60403674@serasibintuni.go.id;.000000000000;.000000000000
60401954;SMP NEGERI I BINTUNI;Jln Raya Bintuni;92.06.01.1001;98364;Negeri;SMP;Belum Terakreditasi;60401954@serasibintuni.go.id;-2.117.000.000.000;133.529.700.000.000
60401913;SD INPRES WIMRO;Wimro;92.06.16.2003;98363;Negeri;SD;B;60401913@serasibintuni.go.id;-2.498.700.000.000;133.356.000.000.000
60401930;SD YPPK RIENDO;Kampung Riendo;92.06.08.2003;null;Swasta;SD;C;60401930@serasibintuni.go.id;-2.805.100.000.000;133.689.300.000.000
60725765;TKN KARYA MANDIRI MOSKONA;KAMPUNG BARMA;92.06.23.2003;98364;Negeri;TK;C;60725765@serasibintuni.go.id;-1.808.100.000.000;132.615.000.000.000
60403480;SD YPK DIASPORA TIRASAI;Tirasai;92.06.11.2004;98364;Swasta;SD;C;60403480@serasibintuni.go.id;-2.044.981.000.000;133.859.784.000.000
60401933;SD YPPK TEMBUNI;Tembuni;92.06.09.2001;98364;Swasta;SD;B;60401933@serasibintuni.go.id;-1.950.500.000.000;133.371.800.000.000
70008074;TK YPK MARANATHA;KAMPUNG TUGARAMA;92.06.15.2004;null;Swasta;TK;Belum Terakreditasi;70008074@serasibintuni.go.id;.000000000000;.000000000000
60401924;SD YPPK ST SANTUPETRUS;Dusun Kasira;92.06.03.2023;98132;Swasta;SD;Belum Terakreditasi;60401924@serasibintuni.go.id;-2.615.000.000.000;133.199.800.000.000
60401883;SD NEGERI BARMA;Barma;92.06.05.2001;98364;Negeri;SD;C;60401883@serasibintuni.go.id;-1.875.339.000.000;133.063.826.000.000
69938371;TK Pertiwi Barma Baru;Barma Baru;92.06.23.2003;98551;Swasta;TK;Belum Terakreditasi;69938371@serasibintuni.go.id;.000000000000;.000000000000
60401914;SD INPRES STENGKOL III;Jl. Raya Muara Meyado;92.06.23.2001;98551;Negeri;SD;C;60401914@serasibintuni.go.id;-1.728.470.400.000;132.941.928.500.000
60725748;SMPN SATAP AROBA;KAMPUNG AROBA;92.06.16.2001;98363;Negeri;SMP;C;60725748@serasibintuni.go.id;-2.672.000.000.000;133.377.600.000.000
69879192;SMA NEGERI KAITARO;SARA;92.06.15.2001;98363;Negeri;SMA;C;69879192@serasibintuni.go.id;-1.968.177.000.000;133.116.068.000.000
P9948450;PKBM BINA ILMU;SP 2 Korano Jaya, Distrik Manimeri;92.06.11.2006;98551;Swasta;PKBM;Belum Terakreditasi;P9948450@serasibintuni.go.id;-1.649.400.000.000;133.714.000.000.000
70010773;TK CENDRAWASIH MEYERGA;NEYERGA;92.06.22.2001;98364;Negeri;TK;Belum Terakreditasi;70010773@serasibintuni.go.id;.000000000000;.000000000000
60401956;SMP NEGERI 1 ARANDAY;Jl Wanagir, Kampung Sebyar Rejosari Distrik Tomu;92.06.19.2002;98364;Negeri;SMP;A;60401956@serasibintuni.go.id;-1.942.000.000.000;132.937.500.000.000
60403691;TK ST MARIA;KAMPUNG YARU;92.06.16.2001;98364;Swasta;TK;Belum Terakreditasi;60403691@serasibintuni.go.id;.000000000000;.000000000000
70006009;KB BUSTANUL ATHFAAL YAA BUNAYYA;SP. IV JALUR 1 BANJAR AUSOY - DISTRIK MANIMERI;92.06.11.2002;98364;Swasta;KB;B;70006009@serasibintuni.go.id;.000000000000;.000000000000
60401882;SD INPRES BABO;Kasira;92.06.03.2023;98363;Negeri;SD;B;60401882@serasibintuni.go.id;-1.604.700.000.000;133.198.500.000.000
60401957;SMP NEGERI BABO;Jl. Pendidikan;92.06.03.2023;98363;Negeri;SMP;Belum Terakreditasi;60401957@serasibintuni.go.id;-2.541.000.000.000;133.443.000.000.000
60725746;SMPN TAROI;KAMPUNG TAROI;92.06.19.2003;98364;Negeri;SMP;C;60725746@serasibintuni.go.id;-2.189.200.000.000;133.166.100.000.000
60403490;SMKN 1 BINTUNI;JL. RAYA BINTUNI - MANIMERI;92.06.11.2002;98364;Negeri;SMK;Belum Terakreditasi;60403490@serasibintuni.go.id;-2.081.700.000.000;133.675.000.000.000
60403660;SMAN MERDEY;MERDEY;92.06.02.2001;98551;Negeri;SMA;Belum Terakreditasi;60403660@serasibintuni.go.id;-1.583.300.000.000;133.333.000.000.000
60401944;SD YPPK AROBA;-;92.06.16.2001;98364;Swasta;SD;Belum Terakreditasi;60401944@serasibintuni.go.id;-2.728.600.000.000;133.350.300.000.000
60401887;SD INPRES KALI KODOK;Bintuni Timur;92.06.01.1001;98364;Negeri;SD;B;60401887@serasibintuni.go.id;-2.121.800.000.000;133.540.000.000.000
60403649;SD PERSIAPAN OBO;-;92.06.10.2001;98364;Negeri;SD;C;60403649@serasibintuni.go.id;-2.742.100.000.000;133.534.300.000.000
60725747;SMPN SATAP HORNA;KAMPUNG HORNA;92.06.13.2001;98364;Negeri;SMP;Belum Terakreditasi;60725747@serasibintuni.go.id;-1.614.883.000.000;133.658.741.000.000
69938355;Paud/KB Merij Idut;Kampung Idut;92.06.11.2002;98364;Swasta;KB;Belum Terakreditasi;69938355@serasibintuni.go.id;.000000000000;.000000000000
60401885;SD INPRES IGOMU;Igomu;92.06.24.2001;98364;Negeri;SD;C;60401885@serasibintuni.go.id;-1.306.800.000.000;133.221.800.000.000
60403497;SMP YPK TANAH MERAH;Tanah Merah;92.06.14.2002;98551;Swasta;SMP;B;60403497@serasibintuni.go.id;-2.462.100.000.000;133.103.800.000.000
60403648;SD INPRES KALIBIRU;Kalibiru;92.06.17.2003;98364;Negeri;SD;C;60403648@serasibintuni.go.id;-1.440.300.000.000;133.078.400.000.000
70006010;TK INTEGRAL QURROTA A’YUN;SP. IV JALUR 1 BANJAR AUSOY - DISTRIK MANIMERI;92.06.11.2002;98364;Swasta;TK;C;70006010@serasibintuni.go.id;.000000000000;.000000000000
60401897;SD INPRES NARAMASA;Naramasa Kuri;92.06.10.2004;98364;Negeri;SD;C;60401897@serasibintuni.go.id;-1.595.900.000.000;133.145.900.000.000
70005978;TK SANTO MIKAEL TANIBA;JL. TRANS PAPUA - DISTRIK FAFURWAR;92.06.08.2001;98364;Swasta;TK;Belum Terakreditasi;70005978@serasibintuni.go.id;.000000000000;.000000000000
69939741;TK YPK PNIEL SP IV MANIMERI;JL. POROS SP IV MANIMERI;92.06.11.2002;98551;Swasta;TK;Belum Terakreditasi;69939741@serasibintuni.go.id;.000000000000;.000000000000
60404138;SMP YPK BINTUNI;JL.Bina Desa;92.06.01.1002;98364;Swasta;SMP;C;60404138@serasibintuni.go.id;-2.117.900.000.000;133.533.600.000.000
69938368;TK PGRI Materabu Jaya SP 1;Kelapa Dua Sp 1;92.06.14.2003;98551;Negeri;TK;Belum Terakreditasi;69938368@serasibintuni.go.id;.000000000000;.000000000000
60401962;SMAS YPK BINTUNI;JL. RAYA BINTUNI;92.06.01.1001;98634;Swasta;SMA;B;60401962@serasibintuni.go.id;-2.123.100.000.000;133.552.200.000.000
60401895;SD INPRES MEYERGA;Meyerga;92.06.22.2001;98364;Negeri;SD;C;60401895@serasibintuni.go.id;-1.627.600.000.000;132.956.400.000.000
69967959;KB Sta. LUCIA;KAMPUNG WESIRI KM. 4;92.06.01.2026;98364;Swasta;KB;B;69967959@serasibintuni.go.id;.000000000000;.000000000000
70008342;TK YPK SERITO;TANAH MERAH;92.06.14.2002;null;Swasta;TK;Belum Terakreditasi;70008342@serasibintuni.go.id;.000000000000;.000000000000
60403684;TK PANCASILA;TOMU;92.06.19.2002;98157;Swasta;TK;C;60403684@serasibintuni.go.id;.000000000000;.000000000000
70037839;KB SAIBMA;AROBA;92.06.16.2001;null;Swasta;KB;C;70037839@serasibintuni.go.id;.000000000000;.000000000000
69938261;KB MELATI SP 2;JL. RAYA KORANO JAYA SP 2;92.06.11.2006;98364;Swasta;KB;Belum Terakreditasi;69938261@serasibintuni.go.id;.000000000000;.000000000000
70011011;TK BOUDEN RUGA;KAMPUNG HUSS;92.06.13.2005;98364;Negeri;TK;Belum Terakreditasi;70011011@serasibintuni.go.id;-1.615.395.000.000;133.653.352.000.000
60403672;TK BETHESDA TOFOI;TOFOI;92.06.14.2001;null;Swasta;TK;Belum Terakreditasi;60403672@serasibintuni.go.id;.000000000000;.000000000000
60401893;SD INPRES MAYADO;Mayado;92.06.23.2001;98364;Negeri;SD;B;60401893@serasibintuni.go.id;-1.779.670.400.000;132.924.028.500.000
60401951;SMP STELLA MARIS TOFOI;TOFOI;92.06.14.2001;98364;Swasta;SMP;B;60401951@serasibintuni.go.id;-2.537.800.000.000;133.252.100.000.000
69938256;TK Riedo Sarbe;Sarbe;92.06.10.2001;98364;Swasta;TK;B;69938256@serasibintuni.go.id;.000000000000;.000000000000
60725756;TK NEGERI HERLINA I;SIBENA;92.06.01.1002;98551;Negeri;TK;Belum Terakreditasi;60725756@serasibintuni.go.id;-1.823.700.000.000;133.519.700.000.000
69939743;TK SANTO THEOFILUS MANIMERI;Kampung Pasamai;92.06.11.2005;98364;Swasta;TK;B;69939743@serasibintuni.go.id;.000000000000;.000000000000
60403698;TK YOTEFA;KM. 7 Muturi;92.06.11.2001;98551;Swasta;TK;Belum Terakreditasi;60403698@serasibintuni.go.id;-1.652.700.000.000;133.800.000.000.000
60403740;SMP NEGERI 2 ARANDAY;ARANDAY;92.06.04.2001;98364;Negeri;SMP;C;60403740@serasibintuni.go.id;-2.217.700.000.000;132.967.900.000.000
69728613;SD YPPK TOFOI;Kampung Tofoi;92.06.14.2001;98572;Swasta;SD;B;69728613@serasibintuni.go.id;-2.548.600.000.000;133.275.400.000.000
60401884;SD INPRES HTI 02 ARANDAI;Kampung Manunggal Karya;92.06.04.2008;98364;Negeri;SD;C;60401884@serasibintuni.go.id;-1.997.800.000.000;133.302.700.000.000
60404135;SD NEGERI MOROMBUY;Kampung Morombuy;92.06.02.2011;98364;Negeri;SD;C;60404135@serasibintuni.go.id;-1.573.800.000.000;133.190.800.000.000
60403676;TK EBENHEISER SIGERAU;SP. V BINTUNI;92.06.01.2005;98364;Swasta;TK;B;60403676@serasibintuni.go.id;.000000000000;.000000000000
69992325;KELOMPOK BERMAIN HERLINA 2;JL. BEIMES;92.06.01.2009;98364;Swasta;KB;B;69992325@serasibintuni.go.id;.000000000000;.000000000000
70015782;TK YPPK SANTO ARNOLDUS;KAMPUNG ONAR LAMA;92.06.14.2003;null;Swasta;TK;Belum Terakreditasi;70015782@serasibintuni.go.id;.000000000000;.000000000000
60403685;TK PERTIWI;JL. RAYA BINTUNI, KORANO JAYA SP 2 MANIMERI;92.06.11.2006;98552;Swasta;TK;B;60403685@serasibintuni.go.id;.000000000000;.000000000000
60403479;SD INPRES MAYENDA;Meyenda;92.06.05.2004;98364;Negeri;SD;C;60403479@serasibintuni.go.id;-1.731.700.000.000;132.923.300.000.000
69940428;KB EVI I SP. 4;SP. 4 Jalur 6;92.06.11.2002;98364;Swasta;KB;B;69940428@serasibintuni.go.id;.000000000000;.000000000000
60401923;SD YPK YENSEI;Yensei;92.06.07.2003;98364;Swasta;SD;C;60401923@serasibintuni.go.id;-2.176.500.000.000;133.922.600.000.000
60403659;SMP NEGERI TERPADU;Jalan Raya Bintuni Awarepi Bintuni Timur;92.06.01.1001;98364;Negeri;SMP;Belum Terakreditasi;60403659@serasibintuni.go.id;-2.126.100.000.000;133.561.300.000.000
60401891;SD INPRES MAMURANU;Mamuranu;92.06.07.2004;98364;Negeri;SD;C;60401891@serasibintuni.go.id;-1.615.400.000.000;133.195.000.000.000
69937923;PAUD Herlina 3;Kampung Lama;92.06.01.1001;98364;Swasta;KB;B;69937923@serasibintuni.go.id;.000000000000;.000000000000
69987606;TK AISYIYAH TOMU;JL. TOMU;92.06.19;98364;Swasta;TK;B;69987606@serasibintuni.go.id;.000000000000;.000000000000
70032303;TK YPK IMANUEL BABO;JL. PERTOKOAN DISTRIK BABO;92.06.03.2020;98364;Swasta;TK;Belum Terakreditasi;70032303@serasibintuni.go.id;.000000000000;.000000000000
60403656;SMP SATU ATAP MEYERGA;Jln.Meyerga , Moskona Barat-Kode Pos: 98364;92.06.22.2001;98154;Negeri;SMP;C;60403656@serasibintuni.go.id;-1.635.600.000.000;132.957.300.000.000
60401928;SD YPPK MERDEY;Kampung Merdey;92.06.02.2001;98364;Swasta;SD;B;60401928@serasibintuni.go.id;-1.590.139.000.000;133.294.052.000.000
60403478;SD PERINTIS KM. BARU;Jalan Raya Kampung Baru Distrik Aranday;92.06.04.2007;98364;Negeri;SD;C;60403478@serasibintuni.go.id;-1.910.700.000.000;133.197.500.000.000
60403701;TK YPK LAHAIROY STEIRIRA;Jl. Bina Desa Bintuni;92.06.01.1001;98364;Swasta;TK;B;60403701@serasibintuni.go.id;-2.121.400.000.000;133.534.200.000.000
70002969;TK YPK VIADOLOROSA BINTUNI;KOMPLEKS SD YPK VIADOLOROSA;92.06.01.1001;98364;Swasta;TK;C;70002969@serasibintuni.go.id;.000000000000;.000000000000
70005083;SD HARMONI SCHOOL TERPADU BINTUNI;Jl. Sport Center Kampung Lama;92.06.01.1001;98551;Swasta;SD;Belum Terakreditasi;70005083@serasibintuni.go.id;-2.184.600.000.000;133.497.600.000.000
60404137;SMP NEGERI SATU ATAP JAGIRO;Jln.Yosep Bandara Neizzen;92.06.05.2001;98551;Negeri;SMP;C;60404137@serasibintuni.go.id;-1.667.500.000.000;132.831.200.000.000
70009382;SMP TAMAN BANGSA TOFOI;KAMPUNG TOFOI - DSITRIK SUMURI;92.06.14.2001;98364;Swasta;SMP;C;70009382@serasibintuni.go.id;-2.000.000.000.000;133.311.200.000.000
70003582;PAUD ATIBO PASAMAI MANIMERI;JL. ATIBO MANIMERI;92.06.11.2004;98364;Swasta;KB;C;70003582@serasibintuni.go.id;.000000000000;.000000000000
P9962882;PKBM SIGEMERAI INDAH;KAMPUNG ARGOSIGEMERAI SP 5;92.06.01.2005;98364;Swasta;PKBM;Belum Terakreditasi;P9962882@serasibintuni.go.id;-2.151.852.500.000;133.513.140.000.000
70002763;TK AISYIYAH BUSTANUL ATFAL KELAPA DUA SP.1;JLN. GUNUNG MASJID MATERABU JAYA KELAPA DUA SP.1;92.06.14.2001;98551;Swasta;TK;C;70002763@serasibintuni.go.id;.000000000000;.000000000000
70014462;TK HERLINA 3;KAMPUNG LAMA;92.06.01.1001;98364;Swasta;TK;B;70014462@serasibintuni.go.id;.000000000000;.000000000000
69964306;TK AL-MAGHFIROH;KAMPUNG ARGOSIGEMERAI;92.06.01.2005;98364;Swasta;TK;C;69964306@serasibintuni.go.id;.000000000000;.000000000000
P9934329;PKBM KELAPA DUA;JL. KAMPUNG FORADA DISTRIK SUMURI;92.06.14.2004;98364;Swasta;PKBM;C;P9934329@serasibintuni.go.id;-2.458.900.000.000;133.188.500.000.000
60404136;SD NEGERI ANAKASI;Kampung Anakasi;92.06.07.2001;98364;Negeri;SD;C;60404136@serasibintuni.go.id;-2.139.600.000.000;133.970.100.000.000
60401938;SD NEGERI BINTUNI;Jl. Panti Asuhan;92.06.01.1001;98364;Negeri;SD;A;60401938@serasibintuni.go.id;-2.115.000.000.000;133.529.600.000.000
69993136;KELOMPOK BERMAIN EVI III MUTURI;JL. MUTURI;92.06.11.2006;98364;Swasta;KB;C;69993136@serasibintuni.go.id;.000000000000;.000000000000
60403650;SD NEGERI TERPADU;Jl. Raya Bintuni-Kalitubi;92.06.01.1001;98364;Negeri;SD;A;60403650@serasibintuni.go.id;-2.125.100.000.000;133.562.100.000.000
60403686;TK PGRI SP IV;JL. POROS SP IV MANIMERI;92.06.11.2002;98364;Negeri;TK;B;60403686@serasibintuni.go.id;.000400000000;.002300000000
60401919;SD YPK SERITO;Tanah Merah;92.06.14.2002;98363;Swasta;SD;C;60401919@serasibintuni.go.id;-2.468.900.000.000;133.178.500.000.000
60401922;SD YPK SION YAKATI;Kampung Yakati;92.06.07.2002;98364;Swasta;SD;C;60401922@serasibintuni.go.id;-1.607.500.000.000;133.210.200.000.000
60401912;SD INPRES TUASAI;Jl. Poros Manimeri Iguriji;92.06.01.2010;98551;Negeri;SD;B;60401912@serasibintuni.go.id;-2.098.900.000.000;133.640.200.000.000
69940407;KB. Al Fatihah Bintuni;Jl. Korano Bintuni;92.06.01.1001;98551;Swasta;KB;B;69940407@serasibintuni.go.id;.000000000000;.000000000000
60401902;SD INPRES SP I MANIMERI;Kampung Tihibo;92.06.11.2004;98552;Negeri;SD;A;60401902@serasibintuni.go.id;-2.076.600.000.000;133.691.300.000.000
70007583;KB PERTIWI BARMA BARU;KAMPUNG BARMA BARU;92.06.23.2001;null;Swasta;KB;B;70007583@serasibintuni.go.id;.000000000000;.000000000000
60401961;SMAN 1 BINTUNI;Jl. Raya Bintuni, KM. 5 Wesiri - Bintuni Barat;92.06.01.1002;98551;Negeri;SMA;A;60401961@serasibintuni.go.id;-2.089.900.000.000;133.496.900.000.000
60401894;SD INPRES MESYETA;Jl. Raya Masyeta;92.06.17.2001;98551;Negeri;SD;C;60401894@serasibintuni.go.id;-1.498.000.000.000;133.158.200.000.000
69992931;KB SANTA ANGELA;JL. POROS ARGOSIGEMERAI - BINTUNI;92.06.01.2005;98551;Swasta;KB;C;69992931@serasibintuni.go.id;-1.903.700.000.000;133.329.500.000.000
69879197;SMA NEGERI MAYERGA;MAYERGA;92.06.22.2001;98364;Negeri;SMA;C;69879197@serasibintuni.go.id;-1.776.700.000.000;132.746.100.000.000
60401953;SMP YPPK SANTA MONIKA;Jl. Raya Bintuni Km. 2 Kelurahan Bintuni Barat;92.06.01.1002;98364;Swasta;SMP;B;60401953@serasibintuni.go.id;-2.100.400.000.000;133.515.800.000.000
69990817;TK NEGERI MENDARIO;JL. RAYA JAGIRO;92.06.05.2001;98551;Negeri;TK;C;69990817@serasibintuni.go.id;.000000000000;.000000000000
60725742;SD NEGERI AWEGRO;Kampung Awegro;92.06.10.2001;98363;Negeri;SD;C;60725742@serasibintuni.go.id;-1.897.600.000.000;133.571.700.000.000
60403742;SMPN WIMRO;Kampung Sidomakmur;92.06.16.2003;98363;Negeri;SMP;B;60403742@serasibintuni.go.id;-2.506.300.000.000;133.371.100.000.000
60401926;SD YPPK FRUATA;Kampung Fruata;92.06.08.2001;98364;Swasta;SD;C;60401926@serasibintuni.go.id;-2.860.200.000.000;133.768.400.000.000
60401904;SD INPRES MANIMERI II;Korano Jaya;92.06.11.2006;98552;Negeri;SD;C;60401904@serasibintuni.go.id;-2.072.400.000.000;133.720.200.000.000
70003810;TK YPK SION TEMBUNI;JL. YAKOB IBORI -DISTRIK TEMBUNI;92.06.09.2001;null;Swasta;TK;C;70003810@serasibintuni.go.id;.000000000000;.000000000000
60401901;SD INPRES VARITA DUA SP.I;Jln.Pendidikan Materabu Jaya SP.1;92.06.14.2005;98363;Negeri;SD;B;60401901@serasibintuni.go.id;-2.582.100.000.000;133.201.000.000.000
70003715;TK KARTINI II WERIAGAR;Distrik Weriagar;92.06.21.2001;98364;Swasta;TK;B;70003715@serasibintuni.go.id;-2.273.001.000.000;132.890.126.000.000
70005247;KB CERIA VASCODAMNEEM;Kampung Vascodamneem;92.06.23.2004;98551;Swasta;KB;C;70005247@serasibintuni.go.id;.000000000000;.000000000000
60401880;SD INPRES HTI 01 ARANDAY;Jl. Wanagir;92.06.19.2001;98364;Negeri;SD;B;60401880@serasibintuni.go.id;-2.079.300.000.000;133.138.900.000.000
60403667;TK AISYIYAH BUSTANUL ATHFAL;JL. RAYA KORANO JAYA SP 2;92.06.11.2006;98364;Swasta;TK;Belum Terakreditasi;60403667@serasibintuni.go.id;-2.081.800.000.000;-226.390.500.000.000
69988833;TK SANTA THERESIA SAENGGA;JL. SAENGGA;92.06.14.2003;null;Swasta;TK;C;69988833@serasibintuni.go.id;.000000000000;.000000000000
69940702;KB Herlina 4 Beimes;Kampung Beimes;92.06.01.2009;98364;Swasta;KB;C;69940702@serasibintuni.go.id;.000000000000;.000000000000
70007579;TK KANAISI NITAT;JL. SERITO SUMURI;92.06.03.2020;98364;Swasta;TK;Belum Terakreditasi;70007579@serasibintuni.go.id;.000000000000;.000000000000
70000400;SD NEGERI YAKORA;Kampung Yakora;92.06.04.2001;98360;Negeri;SD;Belum Terakreditasi;70000400@serasibintuni.go.id;-2.047.300.000.000;133.054.000.000.000
60403697;TK YAPIS BINTUNI;JL. Raya Bintuni;92.06.01.1001;null;Swasta;TK;Belum Terakreditasi;60403697@serasibintuni.go.id;-2.114.900.000.000;133.528.900.000.000
60401958;SMP NEGERI MERDEY;Merdey;92.06.02.2001;98364;Negeri;SMP;B;60401958@serasibintuni.go.id;-1.592.824.000.000;133.295.681.000.000
60401935;SD YPPK WERIAGAR;Teluk Bintuni;92.06.21.2001;98157;Swasta;SD;C;60401935@serasibintuni.go.id;-2.273.138.000.000;132.891.648.000.000
69991405;SD NEGERI MOCU INOFINA;Jl.Mesisi Star;92.06.06.2001;null;Negeri;SD;C;69991405@serasibintuni.go.id;-1.510.137.700.000;133.051.417.000.000
60401929;SD YPPK MOGOI BARU;Jln. Yoseph Tomouw;92.06.09.2002;98364;Swasta;SD;B;60401929@serasibintuni.go.id;-1.898.100.000.000;133.254.400.000.000
69935461;SMA Negeri Tembuni;Kampung Tembuni Rt. 01 Rw. 01;92.06.09.2001;98551;Negeri;SMA;C;69935461@serasibintuni.go.id;-2.056.854.100.000;133.284.697.800.000
60401947;SMP PERINTIS STENGKOL I;Kompleks Fasilitas Umum, Kampung Bangun Harjo;92.06.09.2001;98551;Negeri;SMP;C;60401947@serasibintuni.go.id;-1.854.300.000.000;133.411.600.000.000
60401916;SD YPK VIADOLOROSA;Bintuni Barat;92.06.01.1002;98364;Swasta;SD;A;60401916@serasibintuni.go.id;-2.160.100.000.000;133.534.400.000.000
69939737;TK YPK EFATA KORANO JAYA SP 2;JL. POROS KAMPUNG KORANO JAYA SP 2;92.06.11.2006;98362;Swasta;TK;B;69939737@serasibintuni.go.id;.000000000000;.000000000000
60403670;TK AL KHAIRAT;KAMPUNG ARGOSIGEMERAI SP. 5;92.06.01.2005;98551;Swasta;TK;Belum Terakreditasi;60403670@serasibintuni.go.id;-2.104.600.000.000;133.612.100.000.000
60401942;SD NEGERI TAROI;Kampung Taroi;92.06.19.2003;98364;Negeri;SD;B;60401942@serasibintuni.go.id;-2.190.700.000.000;133.168.700.000.000
60725759;TKN PERTIWI BABO;JL.PENDIDIKAN;92.06.03.2023;98363;Negeri;TK;Belum Terakreditasi;60725759@serasibintuni.go.id;-2.541.700.000.000;133.442.200.000.000
60401931;SD YPPK SAENGGA;Kampung Saengga;92.06.14.2003;98363;Swasta;SD;B;60401931@serasibintuni.go.id;-2.530.100.000.000;133.133.900.000.000
60403488;SMAN PERSIAPAN BABO;kasira;92.06.03.2023;98363;Negeri;SMA;B;60403488@serasibintuni.go.id;-2.533.300.000.000;133.441.800.000.000
60401937;SD YPK ONAR;Onar RT.01/RW.01 Kecamatan Sumuri Kab. Teluk Bintuni;92.06.14.2003;98364;Swasta;SD;C;60401937@serasibintuni.go.id;-2.499.100.000.000;133.098.900.000.000
70003901;KB AL-MAGHFIROH;KAMPUNG ARGOSIGEMERAI SP. 5;92.06.01.2005;98364;Swasta;KB;C;70003901@serasibintuni.go.id;.000000000000;.000000000000
70003352;TK SANTA ANNA;JL. RAYA BINTUNI - KM.4;92.06.01.1002;98364;Swasta;TK;B;70003352@serasibintuni.go.id;.000000000000;.000000000000
69938390;KB EVI 2 TUBEIG;Kampung Iguriji Distrik Bintuni;92.06.01.2010;98364;Negeri;KB;B;69938390@serasibintuni.go.id;.000000000000;.000000000000
60403663;SMAS YPPK ST ARNOLDUS YANSEN;Kampung Wesiri, Km 4 Distrik Bintuni;92.06.01.1002;98551;Swasta;SMA;Belum Terakreditasi;60403663@serasibintuni.go.id;-2.094.600.000.000;133.505.900.000.000
60403703;TK YPPK ST YOHANES;BINTUNI;92.06.01.1001;98364;Swasta;TK;Belum Terakreditasi;60403703@serasibintuni.go.id;-2.002.600.000.000;133.614.500.000.000
70005110;TK YPK ELIM TOMU;KAMPUNG SEBYAR REJOSARI - DISTRIK TOMU;92.06.19.2001;null;Swasta;TK;C;70005110@serasibintuni.go.id;.000000000000;.000000000000
69980593;SD YPPK MANIMERI;Kampung Pasamai;92.06.11.2005;98551;Swasta;SD;Belum Terakreditasi;69980593@serasibintuni.go.id;-2.084.300.000.000;133.700.218.000.000
P9934312;PKBM ABDI PAMONG PRAJA;JL. WYATA PAMONG PRAJA KP. WERIAGAR SELATAN;92.06.21.2001;98364;Swasta;PKBM;C;P9934312@serasibintuni.go.id;-1.993.700.000.000;132.871.700.000.000
69787908;SMP SATAP MUYEBA;Muyeba, Kec. Moskona Utara - Kab. Teluk Bintuni;92.06.06.2001;98355;Negeri;SMP;C;69787908@serasibintuni.go.id;-2.819.200.000.000;133.491.500.000.000
60403664;TK AISYIAH BUSTANUL ATFAL;JL. PANTI ASUHAN, KOMPLEKS PERGURUAN MUHAMADIYAH;92.06.01.1001;98364;Swasta;TK;Belum Terakreditasi;60403664@serasibintuni.go.id;.000000000000;.000000000000
60403653;SMP MUHAMMADIYAH;Jl. Raya Bintuni;92.06.01.1001;98364;Swasta;SMP;B;60403653@serasibintuni.go.id;-2.113.800.000.000;133.528.100.000.000
70000943;TK YPPK ST. FRANSISKUS XAVERIUS BABO;JL, BABO;92.06.03.2022;98364;Swasta;TK;Belum Terakreditasi;70000943@serasibintuni.go.id;.000000000000;.000000000000
60401899;SD INPRES SIBENA I;Jl.Poros Sibena Raya;92.06.12.2004;98364;Negeri;SD;C;60401899@serasibintuni.go.id;-1.994.700.000.000;133.414.200.000.000
60403692;TK ST MARIA GORETI;BUMI SANIARI SP. III MANIMERI;92.06.11.2001;98364;Swasta;TK;C;60403692@serasibintuni.go.id;-1.905.700.000.000;133.329.500.000.000
60401940;SD NEGERI KALITAMI;Kampung Kalitami I;92.06.20.2001;98551;Negeri;SD;C;60401940@serasibintuni.go.id;-1.975.000.000.000;132.690.600.000.000
60401941;SD NEGERI SARA;Jln. Frud, No.;92.06.15.2001;98551;Negeri;SD;C;60401941@serasibintuni.go.id;-2.755.900.000.000;133.696.200.000.000
60401910;SD INPRES SUGA;Suga. Distrik Kaitaro. Kab.Teluk Bintuni;92.06.15.2005;98364;Negeri;SD;C;60401910@serasibintuni.go.id;-2.757.400.000.000;133.802.200.000.000
70008398;KB NEGERI HERLINA 1;TUHIBA;92.06.12.2004;null;Negeri;KB;C;70008398@serasibintuni.go.id;.000000000000;.000000000000
60403689;TK SAIBMA;AROBA;92.06.16.2001;98364;Swasta;TK;C;60403689@serasibintuni.go.id;-2.704.979.000.000;133.246.994.000.000
69938263;KB EVI IV MANIMERI;JL. RAYA BUMI SANIARI;92.06.11.2001;98364;Swasta;KB;C;69938263@serasibintuni.go.id;.000000000000;.000000000000
60725754;TKS ANGGELA;BINTUNI;92.06.01.1001;98551;Swasta;TK;B;60725754@serasibintuni.go.id;-2.090.900.000.000;133.519.700.000.000
60401900;SD INPRES SIBENA II;Sibena Permai;92.06.12.2001;98364;Negeri;SD;C;60401900@serasibintuni.go.id;-2.010.300.000.000;133.432.700.000.000
60401960;SMAS SANEWESYEN BINTUNI;JL. RAYA BINTUNI;92.06.01.1002;98364;Swasta;SMA;B;60401960@serasibintuni.go.id;-2.121.600.000.000;133.538.800.000.000
69879194;SMA NEGERI KAMUNDAN;Kampung Kalitami Distrik Kamundan;92.06.20.2002;98551;Negeri;SMA;C;69879194@serasibintuni.go.id;-2.176.869.000.000;132.681.889.000.000
60401886;SD NEGERI JAGIRO;Jagiro;92.06.05.2001;98364;Negeri;SD;B;60401886@serasibintuni.go.id;-1.746.700.000.000;132.934.200.000.000
60725741;SDN MEYEJGA;KAMPUNG MEYEJGA;92.06.02.2007;98364;Negeri;SD;C;60725741@serasibintuni.go.id;-1.813.800.000.000;133.015.400.000.000
60401921;SD YPK WAGURA;Kampung Wagura;92.06.10.2002;98551;Swasta;SD;C;60401921@serasibintuni.go.id;-2.814.000.000.000;133.495.600.000.000
69938377;Paud Tunas Kemala Bhayangkari 12;Jl. Raya Bintuni N0.1;92.06.01.1002;98551;Swasta;KB;B;69938377@serasibintuni.go.id;.000000000000;.000000000000
69879191;SMAN Saengga;Saengga;92.06.14.2003;98363;Negeri;SMA;Belum Terakreditasi;69879191@serasibintuni.go.id;-2.474.747.000.000;133.100.682.000.000
60403475;SD INPRES HORNA;Kampung Horna;92.06.13.2001;98364;Negeri;SD;B;60403475@serasibintuni.go.id;-1.615.500.000.000;133.661.100.000.000
60401898;SD INPRES SARBE;Kampung Sarbe;92.06.10.2001;98364;Negeri;SD;Belum Terakreditasi;60401898@serasibintuni.go.id;-2.274.600.000.000;134.029.000.000.000
69966779;KB SIGEMERAI;SP. 5 Distrik Bintuni;92.06.01.2005;98364;Swasta;KB;C;69966779@serasibintuni.go.id;-2.001.000.000.000;133.601.700.000.000
60401939;SD NEGERI KAITARO;Kel. Kamp. Warganusa 2 Kec. Kaitaro Kab. Teluk Bintuni;92.06.15.2003;98363;Negeri;SD;C;60401939@serasibintuni.go.id;-2.842.500.000.000;133.571.700.000.000
60403495;SMP NEGERI FRUATA FAFURWAR;Kampung Riendo Fruata Kec. Fafurwar;92.06.08.2003;98364;Negeri;SMP;C;60403495@serasibintuni.go.id;-2.114.400.000.000;133.528.300.000.000
60403743;SMP YPK SION YAKATI;Kampung Yakati;92.06.07.2002;98364;Swasta;SMP;C;60403743@serasibintuni.go.id;-2.136.800.000.000;133.966.300.000.000
70003738;TK MAWAR MOGOI BARU;MOGOI;92.06.09.2002;null;Swasta;TK;B;70003738@serasibintuni.go.id;.000000000000;.000000000000
70044328;TK YPPK SANTO PAULUS FRUATA;KAMPUNG FRUATA;92.06.08.2001;null;Swasta;TK;Belum Terakreditasi;70044328@serasibintuni.go.id;.000000000000;.000000000000
70033249;KB LESTARI TOMU;KAMPUNG TOMU;92.06.19.2002;98364;Swasta;KB;Belum Terakreditasi;70033249@serasibintuni.go.id;.000000000000;.000000000000
P9947985;Sanggar Kegiatan Belajar (SKB) Bintuni;Jl. Raya Bintuni, Kali Tubi, Distrik Bintuni;92.06.01.1001;98551;Negeri;SKB;A;P9947985@serasibintuni.go.id;-2.088.900.000.000;133.650.200.000.000
70051243;TK KARTINI;KAMPUNG BANJAR AUSOY;92.06.11.2002;null;Swasta;TK;Belum Terakreditasi;70051243@serasibintuni.go.id;.000000000000;.000000000000
60403741;SMPN TEMBUNI;TEMBUNI;92.06.09.2001;98550;Negeri;SMP;C;60403741@serasibintuni.go.id;-1.912.000.000.000;133.366.600.000.000
60401906;SD INPRES SP IV MANIMERI;Jln. Poros Manimeri Bintuni, SP IV Kampung Banjar Ausoy;92.06.11.2002;98552;Negeri;SD;A;60401906@serasibintuni.go.id;-2.091.700.000.000;133.658.100.000.000
70015129;TK SIGEMERAI;RT. 013, RW. 005 ARGOSIGEMERAI SP. 5 - DISTRIK BINTUNI;92.06.01.2005;null;Swasta;TK;B;70015129@serasibintuni.go.id;.000000000000;.000000000000
60401903;SD INPRES KELAPA DUA SP.II;Forada;92.06.14.2004;98363;Negeri;SD;B;60401903@serasibintuni.go.id;-2.598.400.000.000;133.194.400.000.000
69940700;KB Efata Korano Jaya;SP 2 Korano Jaya;92.06.11.2006;98364;Swasta;KB;C;69940700@serasibintuni.go.id;-2.073.100.000.000;133.721.400.000.000
69991391;TK HERLINA 4 BEIMES;JL. BEIMES;92.06.01.2009;null;Swasta;TK;C;69991391@serasibintuni.go.id;.000000000000;.000000000000
60401932;SD YPPK SIBENA;Kampung Wesiri Sibena;92.06.01.1002;98364;Swasta;SD;Belum Terakreditasi;60401932@serasibintuni.go.id;-2.090.082.000.000;133.510.293.000.000
60401946;SMPN SIBENA;Jl. Sibena Raya;92.06.12.2004;98364;Negeri;SMP;B;60401946@serasibintuni.go.id;-1.994.200.000.000;133.415.100.000.000
70005246;TK PGRI SEBYAR REJOSARI;KAMPUNG WANAGIR/SEBYAR REJOSARI;92.06.19.2001;null;Swasta;TK;Belum Terakreditasi;70005246@serasibintuni.go.id;.000000000000;.000000000000
70002970;TK PGRI 2 KAMUNDAN;KAMUNDAN;92.06.20.2001;null;Swasta;TK;C;70002970@serasibintuni.go.id;.000000000000;.000000000000
69964899;TK HOSANA;Jl. Gaya Baru;92.06.01.1002;null;Swasta;TK;A;69964899@serasibintuni.go.id;.000000000000;.000000000000
70035165;KB HOSANA;JL. KOMPLEKS GAYA BARU;92.06.01.1001;null;Swasta;KB;B;70035165@serasibintuni.go.id;.000000000000;.000000000000
60725761;TKN PGRI TUHIBA;KAMPUNG SIBENA;92.06.12.2004;98364;Negeri;TK;Belum Terakreditasi;60725761@serasibintuni.go.id;-1.972.900.000.000;133.408.800.000.000
70046860;TK NEGERI NAGITI;KAMPUNG SEBYAR REJOSARI;92.06.19.2001;null;Negeri;TK;Belum Terakreditasi;70046860@serasibintuni.go.id;.000000000000;.000000000000
60401881;SD INPRES ARANDAI;Kampung Aranday;92.06.04.2001;98365;Negeri;SD;Belum Terakreditasi;60401881@serasibintuni.go.id;-1.908.700.000.000;133.086.000.000.000
69936429;PAUD KB DESTY;KORANO JAYA SP 2;92.06.11.2006;98634;Swasta;KB;B;69936429@serasibintuni.go.id;.000000000000;.000000000000
60403671;TK YAPIS AL-HIDAYAH SIBENA;TUHIBA;92.06.12.2001;98551;Swasta;TK;Belum Terakreditasi;60403671@serasibintuni.go.id;.001200000000;.000300000000
70014108;KB NEGERI TUNAS HARAPAN;KAMPUNG TAROI;92.06.19.2003;null;Negeri;KB;Belum Terakreditasi;70014108@serasibintuni.go.id;.000000000000;.000000000000
60401889;SD INPRES KECAP;Kecap;92.06.04.2008;98551;Negeri;SD;B;60401889@serasibintuni.go.id;-2.066.500.000.000;133.422.700.000.000
60401959;SMAS MUHAMMADIYAH BINTUNI;JL. RAYA BINTUNI RT. 01 RW. 02;92.06.01.1001;98551;Swasta;SMA;Belum Terakreditasi;60401959@serasibintuni.go.id;-2.114.000.000.000;133.527.800.000.000
69938375;Kelompok Bermain YPK Pniel;Banjar Ausoy Distrik Manimeri;92.06.11.2002;98363;Swasta;KB;Belum Terakreditasi;69938375@serasibintuni.go.id;.000000000000;.000000000000
60403662;SMAN TOFOI;TOFOI;92.06.14.2001;98572;Negeri;SMA;B;60403662@serasibintuni.go.id;-2.539.000.000.000;133.250.600.000.000
70005683;SMP HARMONI SCHOOL TERPADU BINTUNI;Jl. Sport Center Kampung Lama;92.06.01.1001;98551;Swasta;SMP;B;70005683@serasibintuni.go.id;-2.121.300.000.000;133.536.700.000.000
70049979;SMA NEGERI 2 BINTUNI;jl. Raya Bintuni - Kampung Idut;92.06.11.2002;98364;Negeri;SMA;Belum Terakreditasi;70049979@serasibintuni.go.id;-2.099.600.000.000;133.650.800.000.000
60403661;SMAN MEYADO;Jln.Raya Pasir Putih Meyado;92.06.23.2001;98365;Negeri;SMA;B;60403661@serasibintuni.go.id;-1.910.300.000.000;133.144.800.000.000
60403673;TK KEMALA BHAYANGKARI 07;JL. RAYA BINTUNI NO. 1;92.06.01.1002;98551;Swasta;TK;Belum Terakreditasi;60403673@serasibintuni.go.id;-2.001.130.000.000;133.615.037.000.000
60403682;TK KHADIJAH MA,ARIF;JL. POROS BUMI SAINARI-SP.III MANIMERI;92.06.11.2001;98364;Swasta;TK;B;60403682@serasibintuni.go.id;.000000000000;.000000000000
60403655;SMP SATU ATAP KALITAMI;Kalitami;92.06.20.2001;98365;Negeri;SMP;C;60403655@serasibintuni.go.id;-1.955.200.000.000;132.681.900.000.000
60403481;SD MUHAMMADIYAH;Jl. Raya Bintuni;92.06.01.1001;98364;Swasta;SD;A;60403481@serasibintuni.go.id;-2.113.800.000.000;133.528.100.000.000
60403669;TK AISYIYAH BUSTANUL ATFAL;JALAN PENDIDIKAN FORADA SP 2;92.06.14.2004;98551;Swasta;TK;C;60403669@serasibintuni.go.id;-2.462.000.000.000;133.206.700.000.000
60401892;SD INPRES MERIEB;Merieb;92.06.02.2002;98163;Negeri;SD;Belum Terakreditasi;60401892@serasibintuni.go.id;-1.683.670.400.000;132.944.328.500.000
60403675;TK CENDRAWASIH;WIMBRO;92.06.16.2001;98363;Swasta;TK;Belum Terakreditasi;60403675@serasibintuni.go.id;.000000000000;.000000000000
60403658;SMP SATU ATAP WERIAGAR;Jl. Pendidikan No. 1;92.06.21.2001;98365;Negeri;SMP;B;60403658@serasibintuni.go.id;-2.269.954.000.000;132.888.886.000.000
69937896;TK Santa Maria Forada;Forada;92.06.14.2004;98364;Swasta;TK;C;69937896@serasibintuni.go.id;.000000000000;.000000000000
69970327;TK PERTIWI NEGERI TAROI;Distrik Taroi;92.06.19.2003;98364;Negeri;TK;Belum Terakreditasi;69970327@serasibintuni.go.id;.000000000000;.000000000000
70015783;KB MEKAR JAYA;MATERABU JAYA;92.06.14.2005;null;Swasta;KB;Belum Terakreditasi;70015783@serasibintuni.go.id;.000000000000;.000000000000
60401911;SD INPRES TOMU;Kampung Ekam;92.06.19.2004;98364;Negeri;SD;C;60401911@serasibintuni.go.id;-2.071.400.000.000;132.985.000.000.000
60403489;SMA NEGERI ARANDAY;KAMPUNG TOMU;92.06.19.2002;98551;Negeri;SMA;B;60403489@serasibintuni.go.id;-2.217.928.100.000;132.969.644.900.000
60401896;SD INPRES MUYEBA;Moyeba;92.06.06.2001;98364;Negeri;SD;C;60401896@serasibintuni.go.id;-1.437.934.700.000;133.015.154.300.000
60401934;SD YPPK TUHIBA;tuhiba;92.06.12.2001;98364;Swasta;SD;B;60401934@serasibintuni.go.id;-1.978.800.000.000;133.406.100.000.000
60401920;SD YPK TUGERAMA;Kampung Tugerama;92.06.15.2004;98363;Swasta;SD;C;60401920@serasibintuni.go.id;-2.702.300.000.000;133.719.000.000.000
70001073;KB Sta. CHRISTIFORA MANIMERI;JL. KAMPUNG PASAMAI;92.06.11.2004;null;Swasta;KB;C;70001073@serasibintuni.go.id;.000000000000;.000000000000
69937900;KB Aisyiyah Al-Baroqah;Jl. Raya Bintuni;92.06.01.1001;98551;Swasta;KB;Belum Terakreditasi;69937900@serasibintuni.go.id;.000000000000;.000000000000
69940433;PAUD/KB BINA KASIH;Jl. Bina Desa Bintuni;92.06.01.1001;98364;Swasta;KB;C;69940433@serasibintuni.go.id;.000000000000;.000000000000
60403690;TK SEMAI BENIH BANGSA;IRARUTU III;92.06.03.2020;98363;Swasta;TK;Belum Terakreditasi;60403690@serasibintuni.go.id;-2.546.396.500.000;133.448.127.500.000
70013414;TK HERLINA 2;KAMPUNG ROSIB;92.06.01.1001;98364;Swasta;TK;B;70013414@serasibintuni.go.id;.000000000000;.000000000000
60403493;SMP NEGERI KURI SARBE;Sarbe;92.06.10.2001;98364;Negeri;SMP;C;60403493@serasibintuni.go.id;-2.584.700.000.000;133.956.500.000.000
69987739;KB YPK VIADOLOROSA;JL. RAYA BINTUNI;92.06.01.1002;98364;Swasta;KB;B;69987739@serasibintuni.go.id;-2.108.500.000.000;133.523.400.000.000
60401908;SD INPRES STENGKOL I TEMBUNI;Bangun Mulya;92.06.09.2001;98364;Negeri;SD;B;60401908@serasibintuni.go.id;-1.838.400.000.000;133.346.300.000.000
60725751;TKN TUTWURI HANDAYANI;SP.V MANIMERI KAMPUNG ARGOSIGEMERAI;92.06.11.2001;98551;Negeri;TK;Belum Terakreditasi;60725751@serasibintuni.go.id;-2.013.200.000.000;133.794.900.000.000
69937912;TK Santa Katarina Labore Tofoi;Tofoi;92.06.14.2001;98363;Swasta;TK;Belum Terakreditasi;69937912@serasibintuni.go.id;-2.534.800.000.000;133.255.100.000.000
60401925;SD YPPK SANTO YOHANES;Jl. Raya Bintuni;92.06.01.1001;98551;Swasta;SD;Belum Terakreditasi;60401925@serasibintuni.go.id;-2.108.600.000.000;133.523.300.000.000
60403665;TK AISYIYAH BUSTANUL ATHFAL TOFOI;Kampung Tofoi Distrik Sumuri;92.06.14.2001;98364;Swasta;TK;Belum Terakreditasi;60403665@serasibintuni.go.id;-2.541.814.000.000;133.253.775.000.000
69937321;PAUD KB AISYIYAH;Jl. POROS 1 FASILITAS UMUM WARAITAMA SP 1;92.06.11.2003;98551;Swasta;KB;B;69937321@serasibintuni.go.id;.000000000000;.000000000000
60401905;SD INPRES SP.III MANIMERI;Jalur 7 Timur SP III Manimeri;92.06.11.2001;98552;Negeri;SD;B;60401905@serasibintuni.go.id;-2.053.600.000.000;133.726.300.000.000
69965803;SMP Persiapan Negeri Igomu;Kampung Injisini, Igomu;92.06.24.2001;null;Negeri;SMP;Belum Terakreditasi;69965803@serasibintuni.go.id;-1.340.119.200.000;133.298.655.700.000
P9998588;PKBM KASIH RUMBAI KOTEKA KABUPATEN TELUK BINTUNI;JL. RAYA BINTUNI;92.06.11.2002;null;Swasta;PKBM;C;P9998588@serasibintuni.go.id;.000000000000;.000000000000
69940424;TK Merij Tuasay;Kampung Tuasay-Idut;92.06.11.2002;null;Swasta;TK;C;69940424@serasibintuni.go.id;.000000000000;.000000000000
60401955;SMP NEGERI 2 BINTUNI;Jl. Poros SP IV Banjar Ausoy-Manimeri;92.06.11.2002;98552;Negeri;SMP;A;60401955@serasibintuni.go.id;-2.093.300.000.000;133.656.400.000.000
60401949;SMP PERINTIS STENGKOL III;Jl. Raya Muara Meyado Stenkool III;92.06.23.2004;98551;Negeri;SMP;B;60401949@serasibintuni.go.id;-1.761.500.000.000;133.097.100.000.000
60403651;SD YPPK St AGUSTINUS YARU;Kampung Yaru;92.06.16.2002;98363;Swasta;SD;C;60403651@serasibintuni.go.id;-2.629.800.000.000;133.624.100.000.000
60403924;SMP NEGERI KAITARO;Kaitaro;92.06.15.2001;98363;Negeri;SMP;B;60403924@serasibintuni.go.id;-2.753.800.000.000;133.701.300.000.000
60401917;SD YPK BETHEL IDOOR;Kampung Idoor;92.06.07.2001;98364;Swasta;SD;C;60401917@serasibintuni.go.id;-2.432.200.000.000;134.083.200.000.000
60401943;SD NEGERI WARGANUSA;Kaitaro;92.06.15.2002;98363;Negeri;SD;C;60401943@serasibintuni.go.id;-2.753.200.000.000;133.382.900.000.000
60401952;SMP YPK BETHEL IDOOR;Jl. S. D. Kawab;92.06.07.2001;98364;Swasta;SMP;C;60401952@serasibintuni.go.id;-2.214.300.000.000;133.914.600.000.000
P9997673;PKBM PEDULI BINA KASIH;JL. RAYA BINTUNI;92.06.01.1002;98364;Swasta;PKBM;Belum Terakreditasi;P9997673@serasibintuni.go.id;.000000000000;.000000000000
70001041;TK ATIBO MANIMERI;JL. ATIBO MANIMERI;92.06.11.2004;98364;Swasta;TK;C;70001041@serasibintuni.go.id;.000000000000;.000000000000
70013722;KB YPK EBENHAEZER;KAMPUNG ARGOSIGEMERAI;92.06.01.2005;null;Swasta;KB;C;70013722@serasibintuni.go.id;.000000000000;.000000000000
60725739;SD YPK RAFIDIN KM. 7 MUTURI;Km. 7 Manimeri;92.06.11.2004;98364;Swasta;SD;B;60725739@serasibintuni.go.id;-1.908.500.000.000;133.765.100.000.000
69991808;SD NUU WAAR;Jl. Raya Wesiri Km. 7;92.06.01.1002;98364;Swasta;SD;C;69991808@serasibintuni.go.id;-2.077.109.000.000;133.480.732.000.000
70005109;TK FLAMBOYAN;JALUR V, KAMPUNG BANGUN MULYA, STENGKOL 1 – DISTRIK TEMBUNI;92.06.09.2004;98551;Swasta;TK;Belum Terakreditasi;70005109@serasibintuni.go.id;.000000000000;.000000000000
60403652;SD YPPK MIYOM;Miyoum;92.06.02.2001;98364;Swasta;SD;C;60403652@serasibintuni.go.id;-1.538.796.000.000;133.290.002.000.000
60401907;SD INPRES SP.V MANIMERI;Manimeri Kampung Argosigemerai;92.06.01.2005;98551;Negeri;SD;A;60401907@serasibintuni.go.id;-1.931.100.000.000;133.730.400.000.000
60401918;SD YPK MERDEY;Merdey;92.06.02.2001;98364;Swasta;SD;B;60401918@serasibintuni.go.id;-1.592.324.000.000;133.297.389.000.000
70053704;SD NEGERI OROSOMNA;Kampung Barma Barat;92.06.05.2006;null;Negeri;SD;Belum Terakreditasi;70053704@serasibintuni.go.id;.000000000000;.000000000000
70056327;SD YPK BOTAY;KAMPUNG BOTAY;92.06.11.2004;null;Swasta;SD;Belum Terakreditasi;70056327@serasibintuni.go.id;.000000000000;.000000000000
70012827;KB SANTA MARIA BINTUNI;JL. RAYA BINTUNI;92.06.01.1002;null;Swasta;KB;B;70012827@serasibintuni.go.id;.000000000000;.000000000000
70025727;SMA HARMONI SCHOOL TERPADU BINTUNI;Jl. Kampung Lama;92.06.01.1001;98364;Swasta;SMA;Belum Terakreditasi;70025727@serasibintuni.go.id;-2.128.200.000.000;133.548.400.000.000
70038044;KB MAITEVA;KAMPUNG SANGGUAR;92.06.16.2005;null;Swasta;KB;Belum Terakreditasi;70038044@serasibintuni.go.id;.000000000000;.000000000000
70033666;KB YPK SION SIBENA;JL. RAYA BINTUNI SIBENA KM.7;92.06.01.1002;null;Swasta;KB;C;70033666@serasibintuni.go.id;.000000000000;.000000000000
70051974;TK BETLEHEM;TANAH MERAH;92.06.14.2002;null;Swasta;TK;Belum Terakreditasi;70051974@serasibintuni.go.id;.000000000000;.000000000000
70050994;SD NEGERI KAWAF;KAMPUNG KAWAF;92.06.15;98364;Negeri;SD;Belum Terakreditasi;70050994@serasibintuni.go.id;-2.730.000.000.000;133.785.200.000.000
70029904;TK YPK SION SIBENA;JL. RAYA BINTUNI SIBENA KM 5;92.06.01.1002;null;Swasta;TK;B;70029904@serasibintuni.go.id;.000000000000;.000000000000
70035164;TK MEKAR SARI;KAMPUNG BARU;92.06.04.2007;null;Swasta;TK;Belum Terakreditasi;70035164@serasibintuni.go.id;.000000000000;.000000000000
70053031;SD NEGERI FURERE;Kampung Furere;92.06.15.2004;98343;Negeri;SD;Belum Terakreditasi;70053031@serasibintuni.go.id;.000000000000;.000000000000
70002917;TK PGRI YAKATI;YAKATI;92.06.07.2002;null;Swasta;TK;Belum Terakreditasi;70002917@serasibintuni.go.id;.000000000000;.000000000000
70034171;TK KARTINI;KAMPUNG VASCODAMNEEM - DISTRIK MEYADO;92.06.23.2004;null;Negeri;TK;Belum Terakreditasi;70034171@serasibintuni.go.id;.000000000000;.000000000000
70050955;TK NEGERI MOSUM;KAMPUNG MOSUM;92.06.06.2006;null;Negeri;TK;Belum Terakreditasi;70050955@serasibintuni.go.id;.000000000000;.000000000000
70044987;TK YPPK Sta. MARIA MERDEY;KAMPUNG MERDEY;92.06.02.2001;null;Swasta;TK;Belum Terakreditasi;70044987@serasibintuni.go.id;.000000000000;.000000000000
70044349;TK YPK BATANIA YENSEI;Yensei;92.06.07.2003;null;Swasta;TK;Belum Terakreditasi;70044349@serasibintuni.go.id;.000000000000;.000000000000
P9998011;PKBM SUMURI PERMAI;KAMPUNG TOFOI;92.06.14.2001;null;Swasta;PKBM;Belum Terakreditasi;P9998011@serasibintuni.go.id;.000000000000;.000000000000
70043571;KB YPPK SANTO HERONIMUS WAME;KAMPUNG WAVE;92.06.16.2001;null;Swasta;KB;Belum Terakreditasi;70043571@serasibintuni.go.id;.000000000000;.000000000000
P9998478;PKBM LUMEN GENTIUM;TOFOI - DISTRIK SUMURI;92.06.14.2001;98572;Swasta;PKBM;C;P9998478@serasibintuni.go.id;.000000000000;.000000000000
70044425;SD NEGERI ANEJERO;Kampung Anejero;92.06.02.2001;null;Negeri;SD;Belum Terakreditasi;70044425@serasibintuni.go.id;.000000000000;.000000000000
70046859;KB SANTA MARIA YARU;YARU;92.06.16.2002;null;Swasta;KB;Belum Terakreditasi;70046859@serasibintuni.go.id;.000000000000;.000000000000
70051343;TK AMOTE TORE;ARANDAY;92.06.04.2001;null;Swasta;TK;Belum Terakreditasi;70051343@serasibintuni.go.id;.000000000000;.000000000000
70035905;TK PGRI MAMURANU;KAMPUNG MAMURANU;92.06.07.2004;null;Negeri;TK;Belum Terakreditasi;70035905@serasibintuni.go.id;.000000000000;.000000000000
70037556;KB YPK MARANATHA KAMPUNG KOHOIN;KAMPUNG KOHOIN;92.06.01.1002;null;Swasta;KB;C;70037556@serasibintuni.go.id;.000000000000;.000000000000
70055253;TK NEGERI SISAR MATITI;JL. KALI TUBI;92.06.01;null;Negeri;TK;Belum Terakreditasi;70055253@serasibintuni.go.id;.000000000000;.000000000000
70047371;TK PGRI MEYADO;MEYADO;92.06.23.2001;null;Negeri;TK;Belum Terakreditasi;70047371@serasibintuni.go.id;.000000000000;.000000000000
70047496;TK AISYIYAH BUSTANUL ATHFAL 2 BINTUNI;KAMPUNG NUSANTARA;92.06.01.1001;98364;Swasta;TK;Belum Terakreditasi;70047496@serasibintuni.go.id;-2.129.100.000.000;133.559.300.000.000
70048244;TK YUTI TISAY;SP.V, ARGOSIGEMERAI;92.06.01.2005;98364;Negeri;TK;Belum Terakreditasi;70048244@serasibintuni.go.id;.000000000000;.000000000000
70053505;SD LUQMAN AL HAKIM;Jl. Raya Bintuni, Banjar Ausoy;92.06.11.2002;null;Swasta;SD;Belum Terakreditasi;70053505@serasibintuni.go.id;.000000000000;.000000000000
70050919;SMA NEGERI KURI;KAMPUNG SARBE;92.06.10.2001;null;Negeri;SMA;Belum Terakreditasi;70050919@serasibintuni.go.id;.000000000000;.000000000000
70049978;SD NEGERI 4 BINTUNI;JL. RAYA SIBENA;92.06.01.1002;null;Negeri;SD;Belum Terakreditasi;70049978@serasibintuni.go.id;.000000000000;.000000000000
70051247;KB AS-SYAFI’IYAH;JALUR 2, KAMPUNG WARAITAMA;92.06.11.2003;null;Swasta;KB;Belum Terakreditasi;70051247@serasibintuni.go.id;.000000000000;.000000000000
70033680;KB YPK SION TEMBUNI;JL. YAKOB IBORI KAMPUNG TEMBUNI;92.06.09.2001;null;Swasta;KB;Belum Terakreditasi;70033680@serasibintuni.go.id;.000000000000;.000000000000
70055535;SMP ADVENT TELUK BINTUNI;KAMPUNG TUASAI;92.06.01.2004;null;Swasta;SMP;Belum Terakreditasi;70055535@serasibintuni.go.id;.000000000000;.000000000000
70054877;SD ISLAM TERPADU AT-TAQWA;KAMPUNG ARGOSIGEMERAI;92.06.01.2005;null;Swasta;SD;Belum Terakreditasi;70054877@serasibintuni.go.id;.000000000000;.000000000000
70050993;TK NEGERI PRISKA PRISCILLIA;JL. RAYA MANIMERI;92.06.11.2001;null;Negeri;TK;Belum Terakreditasi;70050993@serasibintuni.go.id;.000000000000;.000000000000
70056326;SD NEGERI REFIDESO;KAMPUNG REFIDESO;92.06.10.2003;null;Negeri;SD;Belum Terakreditasi;70056326@serasibintuni.go.id;.000000000000;.000000000000
70049977;SMP NEGERI 4 BINTUNI;JL. RAYA SIBENA;92.06.01.1002;null;Negeri;SMP;Belum Terakreditasi;70049977@serasibintuni.go.id;.000000000000;.000000000000
70025706;KB KARTINI II WERIAGAR;KAMPUNG WERIAGAR;92.06.21.2001;null;Swasta;KB;Belum Terakreditasi;70025706@serasibintuni.go.id;.000000000000;.000000000000
70035468;KB SANTA THERESIA SAENGGA;SAENGGA;92.06.14.2003;null;Swasta;KB;C;70035468@serasibintuni.go.id;.000000000000;.000000000000
